passenger_id,name,email,phone_number
59559,Abigale Cashman,lbragg0@hibu.com,55-(726)724-8276
77241,Steffie Janaszewski,lcoleman1@tinypic.com,86-(359)258-8582
7924,Lorita Carbonell,mmelling2@howstuffworks.com,46-(209)668-7138
76858,Imogen MacKibbon,smaddra3@foxnews.com,86-(509)158-8367
58097,Elliott Pilmer,tyanshin4@diigo.com,593-(509)278-8160
38921,Lombard Brelsford,gosherin5@unc.edu,381-(191)188-3401
43257,Darsie Glenwright,smorgon6@va.gov,48-(348)208-6006
48281,Nathanial Tawse,tdowker7@pinterest.com,63-(275)394-7545
33234,Quillan Frawley,ojorissen8@businessweek.com,33-(487)743-5804
71163,Elsy Sambiedge,tsieb9@imageshack.us,86-(749)271-7714
72923,Early McEllen,aosinina@unicef.org,385-(294)435-3718
18204,Gates Dobey,agillieb@edublogs.org,62-(915)831-4118
9775,Chris Harrad,jkeymec@chronoengine.com,7-(704)506-4504
55095,Rodi Tomaello,sabbesd@ezinearticles.com,351-(976)250-6287
88759,Jackqueline Beek,pairde@friendfeed.com,63-(296)654-4133
26380,Saree Cinavas,mmacteaguef@newyorker.com,7-(589)464-8775
11063,Eveleen Bayliss,ehindrichg@google.com.au,976-(564)894-0744
54049,Rudd Grafhom,btolanh@sogou.com,62-(963)323-1883
20028,Jerry Ilyasov,ngoeffi@spiegel.de,30-(380)886-1508
14486,Jacky Mayou,cwedderburnj@hao123.com,57-(788)637-7858
81262,Levey Rizzetti,wocarrank@ed.gov,62-(384)196-2784
36154,Monro Wisedale,pingolottil@unesco.org,82-(804)328-8837
74469,Maudie Singers,djirusm@shinystat.com,63-(426)845-9923
9349,Monroe Pride,jsouthersn@webnode.com,47-(563)901-9659
83294,Gare Asplen,kidendeno@i2i.jp,33-(980)513-0409
30339,Damian Crimmins,dacottp@narod.ru,33-(144)586-0079
19977,Lorrie Stoker,cgilstinq@bravesites.com,62-(665)618-1295
7787,Leigh Pieche,htunbridger@yelp.com,46-(236)429-3016
7683,Roby Storr,ncapins@gmpg.org,63-(730)182-3299
97774,Corby Packman,thagertyt@cafepress.com,36-(411)533-1138
66383,Donal Archard,gdinehartu@cbslocal.com,994-(129)147-3840
62052,Law Marquess,rlambshinev@skype.com,33-(917)746-2565
57516,Aggy Garwill,hkillingbeckw@ox.ac.uk,966-(154)168-0194
80000,Claudette Saban,dlichtfothx@ed.gov,86-(563)489-1715
37214,Tisha Duddan,rappleyardy@joomla.org,7-(991)863-2096
54623,Bart Maestrini,kmussettiz@example.com,351-(929)324-0107
80810,Hans Menham,dmurricanes10@nytimes.com,212-(589)618-7576
7643,Ian Ingleson,idepero11@360.cn,692-(361)236-1607
68370,Stephine Quartley,smcgriele12@hp.com,86-(497)706-3779
83524,Bamby Athy,kgoldenofireland13@pen.io,972-(973)337-1859
75784,Karna Hevey,mrockhill14@amazon.de,7-(382)573-3721
10884,Leupold Anderl,dscolli15@ezinearticles.com,52-(405)419-0366
4990,Hilton Grishukhin,ugeorger16@delicious.com,992-(174)430-3111
11887,Bee Rivlin,hshallow17@accuweather.com,248-(568)646-3697
7758,Revkah Swinnard,afallowfield18@columbia.edu,249-(770)829-9119
65322,Babbie Robic,gtenny19@1und1.de,57-(225)757-7625
98099,Benedicta Smylie,cblaise1a@plala.or.jp,269-(393)203-9043
66568,Fonz Masarrat,emactrustrie1b@nifty.com,260-(893)940-9378
33778,Mamie Venton,ssmeed1c@imageshack.us,81-(806)256-4265
52441,Robinia Ruxton,jghelardi1d@liveinternet.ru,225-(256)265-7127